{
  "description": "Base contract times - Each tractor/time combination is a SEPARATE contract. Never group by time alone.",
  "total_contracts": 17,
  "solo1_contracts": 10,
  "solo2_contracts": 7,
  "contracts": {
    "solo1": [
      {
        "contract_id": "SOLO1_00:30_T8",
        "start_time": "00:30",
        "tractor": "Tractor_8",
        "type": "Solo1",
        "duration_hours": 14,
        "operator_id_pattern": "FTIM_MKC_Solo1_Tractor_8"
      },
      {
        "contract_id": "SOLO1_01:30_T6",
        "start_time": "01:30",
        "tractor": "Tractor_6",
        "type": "Solo1",
        "duration_hours": 14,
        "operator_id_pattern": "FTIM_MKC_Solo1_Tractor_6"
      },
      {
        "contract_id": "SOLO1_16:30_T1",
        "start_time": "16:30",
        "tractor": "Tractor_1",
        "type": "Solo1",
        "duration_hours": 14,
        "operator_id_pattern": "FTIM_MKC_Solo1_Tractor_1"
      },
      {
        "contract_id": "SOLO1_16:30_T9",
        "start_time": "16:30",
        "tractor": "Tractor_9",
        "type": "Solo1",
        "duration_hours": 14,
        "operator_id_pattern": "FTIM_MKC_Solo1_Tractor_9"
      },
      {
        "contract_id": "SOLO1_17:30_T4",
        "start_time": "17:30",
        "tractor": "Tractor_4",
        "type": "Solo1",
        "duration_hours": 14,
        "operator_id_pattern": "FTIM_MKC_Solo1_Tractor_4"
      },
      {
        "contract_id": "SOLO1_18:30_T7",
        "start_time": "18:30",
        "tractor": "Tractor_7",
        "type": "Solo1",
        "duration_hours": 14,
        "operator_id_pattern": "FTIM_MKC_Solo1_Tractor_7"
      },
      {
        "contract_id": "SOLO1_20:30_T10",
        "start_time": "20:30",
        "tractor": "Tractor_10",
        "type": "Solo1",
        "duration_hours": 14,
        "operator_id_pattern": "FTIM_MKC_Solo1_Tractor_10"
      },
      {
        "contract_id": "SOLO1_20:30_T2",
        "start_time": "20:30",
        "tractor": "Tractor_2",
        "type": "Solo1",
        "duration_hours": 14,
        "operator_id_pattern": "FTIM_MKC_Solo1_Tractor_2"
      },
      {
        "contract_id": "SOLO1_20:30_T3",
        "start_time": "20:30",
        "tractor": "Tractor_3",
        "type": "Solo1",
        "duration_hours": 14,
        "operator_id_pattern": "FTIM_MKC_Solo1_Tractor_3"
      },
      {
        "contract_id": "SOLO1_21:30_T5",
        "start_time": "21:30",
        "tractor": "Tractor_5",
        "type": "Solo1",
        "duration_hours": 14,
        "operator_id_pattern": "FTIM_MKC_Solo1_Tractor_5"
      }
    ],
    "solo2": [
      {
        "contract_id": "SOLO2_08:30_T4",
        "start_time": "08:30",
        "tractor": "Tractor_4",
        "type": "Solo2",
        "duration_hours": 38,
        "operator_id_pattern": "FTIM_MKC_Solo2_Tractor_4"
      },
      {
        "contract_id": "SOLO2_11:30_T6",
        "start_time": "11:30",
        "tractor": "Tractor_6",
        "type": "Solo2",
        "duration_hours": 38,
        "operator_id_pattern": "FTIM_MKC_Solo2_Tractor_6"
      },
      {
        "contract_id": "SOLO2_15:30_T5",
        "start_time": "15:30",
        "tractor": "Tractor_5",
        "type": "Solo2",
        "duration_hours": 38,
        "operator_id_pattern": "FTIM_MKC_Solo2_Tractor_5"
      },
      {
        "contract_id": "SOLO2_16:30_T7",
        "start_time": "16:30",
        "tractor": "Tractor_7",
        "type": "Solo2",
        "duration_hours": 38,
        "operator_id_pattern": "FTIM_MKC_Solo2_Tractor_7"
      },
      {
        "contract_id": "SOLO2_18:30_T1",
        "start_time": "18:30",
        "tractor": "Tractor_1",
        "type": "Solo2",
        "duration_hours": 38,
        "operator_id_pattern": "FTIM_MKC_Solo2_Tractor_1"
      },
      {
        "contract_id": "SOLO2_21:30_T3",
        "start_time": "21:30",
        "tractor": "Tractor_3",
        "type": "Solo2",
        "duration_hours": 38,
        "operator_id_pattern": "FTIM_MKC_Solo2_Tractor_3"
      },
      {
        "contract_id": "SOLO2_23:30_T2",
        "start_time": "23:30",
        "tractor": "Tractor_2",
        "type": "Solo2",
        "duration_hours": 38,
        "operator_id_pattern": "FTIM_MKC_Solo2_Tractor_2"
      }
    ]
  },
  "notes": [
    "Each tractor/time combination is a SEPARATE contract",
    "Never group contracts by time alone (e.g., '20:30 has 3 contracts' is wrong)",
    "Always reference by contract_id or tractor+time",
    "Blocks are assigned TO contracts each Friday when Amazon releases new runs",
    "Drivers are assigned to blocks, which are on contracts",
    "This is the BASE - everything benchmarks off these 17 contracts",
    "09:40 CT Tractor_2 is NOT a base contract (one-time special block)"
  ]
}
