{
  "last_updated": "2025-11-08T16:50:17.159749",
  "permanent_rules": [
    {
      "driver": "Isaac Kiragu",
      "type": "ONLY",
      "rule": "CANNOT work Friday (church)",
      "available_days": [
        "Monday",
        "Tuesday",
        "Wednesday",
        "Thursday",
        "Saturday",
        "Sunday"
      ]
    },
    {
      "driver": "Firas IMAD Tahseen",
      "type": "ONLY",
      "rule": "ONLY Sat-Sun-Mon @ 16:30 Solo1",
      "protected": true,
      "available_days": [
        "Saturday",
        "Sunday",
        "Monday"
      ],
      "time": "16:30",
      "block_type": "Solo1"
    },
    {
      "driver": "Tareef THAMER Mahdi",
      "type": "ONLY",
      "rule": "ONLY Sat @ 17:30 Solo1",
      "protected": true,
      "available_days": [
        "Saturday"
      ],
      "time": "17:30",
      "block_type": "Solo1"
    },
    {
      "driver": "DEVIN WAYNE HILL",
      "type": "AVAILABILITY",
      "rule": "Available Tue-Sat (any 4 consistent days)",
      "available_days": [
        "Tuesday",
        "Wednesday",
        "Thursday",
        "Friday",
        "Saturday"
      ],
      "target_days": 4,
      "sunday_rule": "Suggestion only (pinch coverage or OT)"
    }
  ],
  "validation_rules": [
    {
      "name": "cross_week_34hour",
      "description": "34-hour reset between last week and this week",
      "critical": true,
      "added": "2025-11-08"
    },
    {
      "name": "rolling_6day",
      "description": "Maximum 6 consecutive calendar days worked",
      "critical": true,
      "note": "Count actual days: Solo1=1 day, Solo2=2 days"
    },
    {
      "name": "within_week_34hour",
      "description": "34-hour reset between consecutive blocks same week",
      "critical": true
    },
    {
      "name": "one_block_per_day",
      "description": "No driver has multiple blocks on same calendar day",
      "critical": true
    },
    {
      "name": "10hour_rest",
      "description": "Minimum 10-hour rest between blocks",
      "critical": true
    }
  ]
}