{
  "week_of": "YYYY-MM-DD",
  "notes": "Weekly constraints for appointments, emergencies, and one-time requests",
  
  "call_offs": [
    {
      "driver": "Driver Name",
      "dates": ["YYYY-MM-DD", "YYYY-MM-DD"],
      "reason": "Call-off",
      "type": "full_week"
    }
  ],
  
  "appointments": [
    {
      "driver": "DEVIN WAYNE HILL",
      "date": "2025-11-12",
      "time_available_after": "11:00",
      "reason": "Appointment - available after 11am",
      "type": "partial_day",
      "notes": "Can work Tuesday after appointment"
    }
  ],
  
  "time_off_requests": [
    {
      "driver": "Driver Name",
      "dates": ["YYYY-MM-DD"],
      "reason": "Personal day",
      "type": "single_day"
    }
  ],
  
  "one_time_requests": [
    {
      "driver": "Driver Name",
      "request": "Work specific day/time",
      "details": "Description",
      "type": "extra_shift"
    }
  ],
  
  "emergencies": [
    {
      "driver": "Driver Name",
      "dates": ["YYYY-MM-DD"],
      "reason": "Emergency",
      "type": "urgent",
      "notes": "Last minute change"
    }
  ],
  
  "availability_overrides": [
    {
      "driver": "Driver Name",
      "override_rule": "Temporary change to permanent rule",
      "dates": ["YYYY-MM-DD"],
      "reason": "One-time exception",
      "notes": "Does not change permanent rule"
    }
  ]
}
